user_id,book_id,rating
0,6,3.0
0,9,5.0
0,15,2.5
0,21,4.5
0,24,4.0
0,31,4.5
0,33,4.5
0,46,5.0
0,53,2.5
0,54,4.5
0,64,4.0
0,69,4.0
0,76,5.0
0,79,4.5
0,86,4.5
0,93,2.0
0,99,3.5
0,111,4.5
1,3,4.5
1,10,4.0
1,12,2.5
1,13,5.0
1,15,4.0
1,21,2.0
1,30,4.0
1,32,4.5
1,77,3.5
1,78,1.5
1,83,5.0
1,90,4.0
1,97,5.0
1,107,5.0
1,114,4.5
1,115,2.5
1,116,5.0
2,3,4.5
2,4,4.5
2,7,5.0
2,10,5.0
2,13,4.5
2,20,3.5
2,30,4.5
2,33,1.0
2,34,3.5
2,43,5.0
2,61,2.5
2,63,4.5
2,75,3.5
2,91,2.0
2,98,4.0
2,104,5.0
2,107,5.0
2,115,2.5
3,9,5.0
3,18,4.5
3,19,2.5
3,23,5.0
3,39,3.5
3,47,1.5
3,78,4.5
3,79,4.5
3,80,4.0
3,84,5.0
3,86,4.5
3,88,1.5
3,92,1.5
3,99,5.0
3,103,4.5
3,110,3.5
3,111,5.0
3,118,2.5
4,3,4.0
4,4,4.5
4,9,2.0
4,10,4.0
4,13,4.0
4,20,4.0
4,47,3.5
4,48,2.0
4,66,2.5
4,82,3.5
4,83,4.5
4,84,2.0
4,90,4.0
4,98,5.0
4,100,4.0
4,111,3.0
4,112,1.5
4,116,4.5
5,10,2.5
5,18,5.0
5,22,3.5
5,31,3.5
5,36,4.0
5,39,3.5
5,40,4.5
5,43,1.5
5,45,4.0
5,46,4.5
5,79,4.0
5,84,4.5
5,87,4.0
5,93,1.5
5,98,1.0
5,102,5.0
5,115,2.0
5,119,2.5
6,16,4.5
6,18,4.0
6,21,5.0
6,24,4.0
6,31,4.0
6,33,3.5
6,45,4.0
6,54,5.0
6,56,2.5
6,69,4.0
6,73,4.0
6,80,3.5
6,86,4.0
6,91,4.5
6,95,2.0
6,96,2.0
6,97,1.5
6,102,4.5
7,5,2.0
7,6,4.5
7,12,4.5
7,15,1.5
7,25,4.5
7,37,1.5
7,41,4.0
7,45,2.0
7,48,3.0
7,52,4.5
7,66,4.5
7,91,2.0
7,93,4.0
7,108,4.0
7,117,4.0
7,118,4.0
7,119,4.0
8,2,4.5
8,12,3.5
8,18,2.5
8,25,5.0
8,29,5.0
8,41,4.5
8,48,3.5
8,51,5.0
8,52,4.5
8,70,3.0
8,71,2.5
8,72,3.5
8,77,1.5
8,93,4.0
8,94,5.0
8,109,2.0
8,118,4.5
9,0,4.5
9,15,1.5
9,17,3.5
9,21,2.5
9,26,4.5
9,28,4.5
9,31,1.0
9,36,2.0
9,44,4.0
9,55,4.0
9,60,3.0
9,64,2.0
9,71,5.0
9,85,4.5
9,88,4.0
9,106,4.5
9,113,5.0
9,116,1.0
10,0,5.0
10,8,4.0
10,11,4.5
10,14,4.5
10,17,5.0
10,28,5.0
10,34,1.5
10,37,4.0
10,55,4.5
10,58,4.0
10,60,3.5
10,84,3.0
10,88,4.5
10,90,2.5
10,99,2.0
10,106,5.0
10,112,4.5
11,9,5.0
11,21,4.5
11,24,4.5
11,38,5.0
11,40,4.5
11,41,1.5
11,55,2.5
11,61,4.5
11,73,4.0
11,78,3.5
11,79,3.5
11,91,5.0
11,94,1.5
11,95,2.0
11,99,4.5
11,101,2.5
11,103,4.0
11,118,2.5
12,19,2.0
12,33,4.0
12,40,5.0
12,42,4.5
12,54,5.0
12,61,4.0
12,64,5.0
12,69,5.0
12,72,2.5
12,73,5.0
12,79,3.0
12,80,5.0
12,97,2.0
12,99,4.5
12,102,5.0
12,104,2.0
12,110,3.5
13,6,4.5
13,13,1.5
13,25,4.5
13,30,2.0
13,37,2.0
13,48,4.5
13,51,4.0
13,53,4.0
13,57,3.5
13,68,4.5
13,70,5.0
13,92,5.0
13,93,5.0
13,94,5.0
13,105,2.0
13,108,5.0
13,118,4.5
14,11,5.0
14,14,4.0
14,17,4.5
14,28,4.0
14,37,5.0
14,50,1.0
14,58,4.0
14,60,4.0
14,67,5.0
14,69,2.5
14,80,3.0
14,88,3.5
14,92,2.5
14,101,4.0
14,106,4.0
14,109,2.5
14,112,4.0
14,115,3.0
15,16,4.5
15,21,4.5
15,26,2.5
15,36,5.0
15,38,4.5
15,42,5.0
15,44,2.5
15,47,2.5
15,64,4.5
15,73,3.5
15,76,4.5
15,78,4.0
15,88,2.5
15,91,3.5
15,99,5.0
15,102,4.5
15,108,1.5
15,111,3.5
16,2,4.0
16,9,1.5
16,12,4.0
16,17,1.0
16,21,1.5
16,26,2.0
16,41,4.5
16,52,4.5
16,53,3.5
16,66,4.0
16,67,2.5
16,68,4.5
16,82,2.0
16,92,4.0
16,93,5.0
16,96,4.0
16,108,3.5
16,119,4.0
17,1,4.5
17,3,3.0
17,9,4.5
17,10,2.5
17,23,3.5
17,24,5.0
17,37,3.5
17,40,5.0
17,49,2.5
17,64,4.5
17,79,5.0
17,80,4.0
17,84,4.5
17,87,4.5
17,91,5.0
17,99,4.0
17,100,2.5
17,101,2.0
18,2,4.5
18,6,5.0
18,12,3.5
18,25,5.0
18,28,2.0
18,41,5.0
18,51,4.5
18,70,4.0
18,72,4.5
18,93,5.0
18,94,4.5
18,96,4.5
18,97,2.0
18,103,1.0
18,108,5.0
18,112,2.5
18,117,4.5
18,119,4.5
19,1,2.0
19,8,4.5
19,11,5.0
19,17,4.0
19,26,4.5
19,28,4.5
19,44,4.0
19,48,2.0
19,51,2.0
19,55,4.5
19,65,4.0
19,67,4.0
19,83,3.0
19,85,4.5
19,88,5.0
19,89,5.0
19,94,2.5
19,118,3.5
20,8,1.5
20,24,5.0
20,27,4.5
20,30,1.5
20,36,4.5
20,40,4.0
20,45,4.0
20,46,3.5
20,50,2.0
20,61,4.5
20,62,5.0
20,64,4.5
20,69,5.0
20,73,4.5
20,76,4.5
20,96,2.5
20,99,5.0
21,0,4.0
21,8,4.5
21,14,4.5
21,17,4.5
21,45,2.0
21,54,1.0
21,55,4.5
21,67,3.0
21,82,2.5
21,89,4.0
21,95,4.0
21,101,4.5
21,106,4.5
21,107,1.5
21,109,1.0
21,113,4.0
21,114,1.0
21,115,4.0
22,5,3.0
22,11,4.0
22,13,2.5
22,14,4.0
22,24,1.5
22,37,4.0
22,44,3.5
22,55,4.5
22,59,5.0
22,60,5.0
22,64,1.5
22,65,4.0
22,71,4.0
22,82,3.0
22,91,1.5
22,106,4.0
22,115,5.0
23,0,3.5
23,5,5.0
23,20,1.0
23,37,3.5
23,44,4.0
23,59,4.5
23,60,4.5
23,67,4.5
23,69,2.0
23,76,3.0
23,88,3.0
23,89,4.5
23,96,2.0
23,101,4.5
23,106,4.5
23,110,1.5
23,111,2.0
23,112,5.0
24,3,3.5
24,4,4.5
24,6,1.5
24,7,4.5
24,11,3.0
24,15,4.5
24,47,4.5
24,52,2.5
24,63,4.5
24,81,4.5
24,85,2.0
24,98,5.0
24,99,1.5
24,100,5.0
24,105,4.5
24,106,2.0
24,109,4.0
24,114,4.0
25,3,3.5
25,7,3.0
25,8,4.5
25,26,4.5
25,28,5.0
25,33,2.0
25,37,4.0
25,55,4.5
25,58,4.0
25,62,2.0
25,67,4.5
25,95,5.0
25,106,4.0
25,112,4.5
25,113,4.5
25,115,4.5
26,0,2.0
26,9,4.5
26,10,2.0
26,14,1.5
26,18,4.5
26,21,4.5
26,23,4.5
26,36,3.5
26,40,4.5
26,45,4.0
26,61,4.0
26,64,4.5
26,78,5.0
26,80,5.0
26,87,4.0
26,103,5.0
26,108,3.0
26,110,5.0
27,0,4.0
27,7,2.5
27,8,4.5
27,14,5.0
27,17,5.0
27,28,4.5
27,36,1.5
27,37,4.0
27,55,3.5
27,58,3.5
27,59,5.0
27,60,4.5
27,71,3.5
27,87,2.5
27,101,5.0
27,108,2.0
27,115,4.0
28,17,4.5
28,20,3.0
28,26,5.0
28,28,4.5
28,44,3.0
28,47,2.0
28,51,2.0
28,53,1.5
28,55,4.5
28,60,5.0
28,62,2.0
28,65,3.5
28,71,5.0
28,73,2.0
28,85,3.5
28,95,4.5
28,101,4.5
28,115,4.0
29,3,4.0
29,10,4.0
29,30,4.5
29,32,4.5
29,43,5.0
29,44,2.5
29,59,3.0
29,62,3.0
29,63,4.5
29,81,3.5
29,82,3.5
29,83,3.5
29,97,5.0
29,100,4.0
29,104,5.0
29,109,5.0
29,114,5.0
30,3,4.0
30,4,5.0
30,13,4.5
30,20,3.0
30,32,4.0
30,36,2.5
30,45,3.0
30,49,4.5
30,73,2.5
30,79,1.5
30,81,5.0
30,82,5.0
30,83,4.5
30,90,4.5
30,104,3.5
30,113,2.5
30,116,5.0
31,7,4.0
31,13,3.5
31,15,3.5
31,19,3.5
31,20,4.5
31,30,4.5
31,32,5.0
31,34,3.5
31,42,2.0
31,63,5.0
31,82,4.5
31,83,4.0
31,87,3.0
31,94,2.0
31,98,3.5
31,109,3.5
31,111,2.5
31,115,2.5
32,7,3.5
32,11,3.0
32,13,5.0
32,15,5.0
32,20,4.5
32,22,1.5
32,32,5.0
32,63,4.0
32,75,3.0
32,77,5.0
32,83,5.0
32,90,5.0
32,96,1.5
32,97,5.0
32,98,5.0
32,100,5.0
32,109,4.5
32,114,3.5
33,1,4.5
33,16,5.0
33,17,1.5
33,33,4.5
33,35,1.5
33,46,3.5
33,54,3.5
33,73,5.0
33,76,5.0
33,78,4.5
33,80,4.0
33,84,5.0
33,87,4.0
33,102,5.0
33,110,4.5
33,116,2.5
33,117,2.5
33,118,2.0
34,1,5.0
34,9,4.0
34,12,1.0
34,16,5.0
34,22,5.0
34,31,4.0
34,42,4.5
34,45,4.5
34,54,4.5
34,55,1.5
34,62,4.0
34,69,4.5
34,71,2.5
34,73,5.0
34,77,2.0
34,79,5.0
34,94,2.0
34,115,2.5
35,18,5.0
35,22,5.0
35,27,4.5
35,31,4.5
35,33,4.0
35,41,1.5
35,48,1.5
35,61,4.0
35,69,4.0
35,73,5.0
35,79,4.0
35,80,4.5
35,86,3.5
35,91,5.0
35,99,4.5
35,103,5.0
35,106,2.5
35,118,3.0
36,4,3.5
36,11,3.5
36,15,5.0
36,19,5.0
36,25,2.0
36,34,4.5
36,47,4.5
36,57,2.5
36,63,3.5
36,72,2.5
36,77,5.0
36,82,3.5
36,90,5.0
36,94,2.5
36,98,4.5
36,100,5.0
36,105,3.5
36,109,4.5
37,0,1.5
37,7,5.0
37,10,4.5
37,15,5.0
37,32,4.5
37,42,1.5
37,47,4.5
37,48,3.0
37,50,3.0
37,63,4.5
37,75,4.5
37,77,4.5
37,83,4.0
37,99,3.5
37,100,4.5
37,109,3.5
37,114,4.0
37,116,5.0
38,5,4.0
38,11,4.5
38,14,4.5
38,17,3.0
38,26,4.5
38,28,4.0
38,32,2.0
38,37,3.5
38,51,2.0
38,59,4.5
38,65,4.5
38,67,3.5
38,86,2.5
38,88,3.5
38,89,4.5
38,96,3.0
38,99,2.0
38,117,2.0
39,27,5.0
39,31,4.5
39,32,2.0
39,42,4.5
39,45,4.0
39,50,2.5
39,54,5.0
39,61,4.0
39,69,4.5
39,77,3.0
39,78,4.0
39,79,4.5
39,80,4.0
39,86,4.0
39,87,4.0
39,103,5.0
40,0,4.0
40,2,2.0
40,6,2.0
40,8,4.5
40,11,4.5
40,14,3.5
40,31,1.5
40,37,4.5
40,55,4.5
40,58,4.0
40,67,4.0
40,71,4.0
40,89,4.5
40,96,3.0
40,98,1.5
40,105,3.0
40,106,5.0
40,112,4.0
41,6,5.0
41,12,4.5
41,23,1.5
41,25,4.0
41,29,4.0
41,33,2.5
41,37,1.0
41,48,5.0
41,51,4.0
41,52,4.0
41,53,4.5
41,61,3.0
41,70,4.5
41,74,5.0
41,84,2.5
41,92,5.0
41,96,5.0
41,117,4.5
42,0,2.0
42,16,5.0
42,23,3.5
42,24,5.0
42,29,2.0
42,36,5.0
42,38,4.0
42,42,4.0
42,46,5.0
42,61,4.0
42,62,4.0
42,65,2.0
42,80,4.0
42,87,5.0
42,91,5.0
42,103,4.0
42,110,3.5
43,0,2.5
43,2,5.0
43,6,4.0
43,12,4.0
43,29,5.0
43,34,2.5
43,35,3.5
43,37,2.0
43,48,4.0
43,51,4.5
43,53,4.5
43,56,5.0
43,70,5.0
43,74,3.5
43,92,4.5
43,94,5.0
43,97,2.5
43,102,3.0
44,9,5.0
44,15,2.0
44,16,3.5
44,18,5.0
44,23,4.0
44,25,2.5
44,31,4.5
44,32,3.0
44,42,4.0
44,43,3.0
44,61,4.0
44,69,5.0
44,79,4.0
44,80,4.0
44,86,5.0
44,91,4.5
44,98,2.5
44,111,5.0
45,1,1.5
45,3,5.0
45,4,4.5
45,7,4.0
45,20,3.5
45,34,3.5
45,47,4.5
45,49,4.0
45,63,4.5
45,83,5.0
45,97,5.0
45,98,5.0
45,107,4.0
45,109,3.5
45,114,5.0
45,119,2.5
46,20,2.0
46,25,5.0
46,29,4.0
46,40,1.5
46,41,4.0
46,51,4.0
46,52,5.0
46,53,4.5
46,57,5.0
46,58,1.5
46,66,4.5
46,68,5.0
46,74,5.0
46,80,2.0
46,110,2.5
46,117,4.5
46,118,4.0
46,119,4.5
47,2,4.5
47,16,2.0
47,35,4.0
47,37,2.5
47,41,4.0
47,48,4.0
47,50,4.5
47,53,4.0
47,57,4.5
47,63,2.0
47,66,5.0
47,68,5.0
47,70,4.5
47,72,4.5
47,76,3.5
47,92,4.5
47,104,2.0
47,118,4.5
48,13,2.0
48,14,4.0
48,17,4.0
48,37,4.0
48,54,2.5
48,55,5.0
48,65,3.0
48,67,4.5
48,71,4.0
48,77,2.5
48,81,1.5
48,88,4.5
48,94,1.5
48,98,2.5
48,101,4.5
48,106,4.5
48,112,4.5
48,113,4.5
49,35,3.5
49,41,5.0
49,50,4.0
49,51,4.5
49,52,5.0
49,53,5.0
49,57,4.0
49,58,2.0
49,62,1.5
49,65,3.0
49,68,5.0
49,70,3.5
49,83,2.0
49,108,5.0
49,117,4.5
49,119,5.0
50,6,5.0
50,12,4.0
50,24,2.0
50,41,3.5
50,44,1.5
50,47,2.5
50,53,3.5
50,57,4.5
50,66,5.0
50,68,4.0
50,72,4.5
50,76,1.5
50,93,5.0
50,94,5.0
50,111,2.5
50,116,1.0
50,117,4.0
50,118,5.0
51,7,4.0
51,10,5.0
51,13,4.5
51,19,4.0
51,31,2.5
51,34,4.0
51,35,1.5
51,49,4.5
51,53,2.0
51,57,2.0
51,63,5.0
51,75,5.0
51,80,2.5
51,97,4.5
51,100,4.5
51,105,5.0
51,107,4.5
52,1,4.0
52,9,3.5
52,11,3.5
52,16,3.5
52,22,5.0
52,23,5.0
52,28,2.0
52,38,3.5
52,39,5.0
52,46,5.0
52,58,1.5
52,69,4.0
52,73,5.0
52,80,4.5
52,87,5.0
52,99,4.0
52,103,4.5
52,116,1.5
53,6,2.0
53,8,4.0
53,11,5.0
53,28,3.5
53,30,3.0
53,39,3.0
53,55,4.5
53,58,4.0
53,59,4.5
53,60,4.5
53,71,5.0
53,82,2.5
53,85,5.0
53,89,4.0
53,93,2.5
53,95,3.5
53,113,5.0
54,1,4.0
54,4,2.5
54,21,5.0
54,33,5.0
54,36,4.0
54,37,2.0
54,43,2.0
54,45,4.5
54,62,5.0
54,64,3.5
54,69,4.5
54,79,5.0
54,80,4.5
54,86,4.5
54,88,3.0
54,102,4.5
54,103,5.0
54,106,2.5
55,1,4.0
55,16,4.5
55,18,4.5
55,19,1.5
55,21,4.0
55,23,4.0
55,26,2.5
55,33,5.0
55,36,5.0
55,46,4.0
55,50,1.0
55,54,3.5
55,78,3.5
55,86,5.0
55,90,1.5
55,97,2.0
55,99,4.0
55,110,4.5
56,16,4.0
56,18,5.0
56,22,3.5
56,23,4.5
56,24,4.5
56,31,4.0
56,32,2.5
56,38,5.0
56,39,4.5
56,51,2.5
56,61,5.0
56,65,1.0
56,69,5.0
56,76,5.0
56,79,5.0
56,80,5.0
56,99,3.5
57,3,5.0
57,7,5.0
57,10,4.5
57,15,4.0
57,30,4.0
57,34,5.0
57,61,1.5
57,63,5.0
57,81,5.0
57,83,4.5
57,89,2.5
57,90,5.0
57,97,5.0
57,98,4.0
57,109,5.0
57,114,4.0
57,118,1.5
58,0,4.5
58,1,2.0
58,8,5.0
58,14,4.5
58,17,4.0
58,27,2.5
58,37,4.5
58,55,4.0
58,58,4.0
58,65,5.0
58,74,2.5
58,82,3.0
58,85,3.5
58,88,4.0
58,89,4.0
58,95,4.5
58,97,2.0
58,115,4.0
59,3,2.0
59,4,4.5
59,5,1.0
59,19,4.5
59,20,5.0
59,30,4.5
59,31,2.0
59,43,4.5
59,60,2.0
59,63,4.0
59,75,4.0
59,81,4.0
59,83,5.0
59,88,2.0
59,100,5.0
59,103,2.0
59,107,4.5
59,117,2.0
60,5,3.5
60,14,4.5
60,17,4.5
60,18,2.0
60,22,1.5
60,26,3.5
60,35,2.0
60,55,3.5
60,65,5.0
60,67,5.0
60,85,5.0
60,95,5.0
60,101,4.0
60,106,4.0
60,107,1.0
60,112,4.0
60,115,4.5
60,116,3.0
61,5,4.5
61,8,4.0
61,10,2.5
61,11,4.5
61,17,4.0
61,25,2.0
61,26,4.0
61,28,5.0
61,31,2.0
61,39,2.5
61,59,4.0
61,60,3.5
61,65,5.0
61,67,4.0
61,72,2.5
61,85,4.5
61,106,3.5
61,113,4.0
62,8,4.0
62,11,4.5
62,14,5.0
62,20,2.0
62,43,2.5
62,44,4.5
62,59,3.0
62,60,4.5
62,61,2.0
62,65,5.0
62,67,4.0
62,71,4.0
62,85,4.5
62,88,4.5
62,89,4.0
62,95,4.5
62,104,1.5
62,112,4.5
63,2,4.5
63,24,2.0
63,29,3.5
63,32,2.5
63,35,5.0
63,39,2.5
63,50,5.0
63,51,5.0
63,56,3.5
63,57,5.0
63,68,4.5
63,74,4.5
63,82,3.0
63,92,4.0
63,96,4.0
63,119,4.0
64,16,4.5
64,23,5.0
64,24,4.0
64,35,3.0
64,36,4.5
64,38,4.5
64,40,4.5
64,57,2.5
64,61,5.0
64,69,5.0
64,73,4.5
64,79,5.0
64,86,4.5
64,87,5.0
64,108,2.0
64,111,3.0
64,118,3.0
64,119,2.5
65,1,3.0
65,6,3.5
65,12,5.0
65,25,4.0
65,31,3.5
65,35,4.5
65,37,2.0
65,48,5.0
65,50,4.5
65,60,2.0
65,66,5.0
65,68,4.0
65,71,1.0
65,72,5.0
65,73,2.0
65,93,4.0
65,96,4.5
65,119,3.5
66,2,5.0
66,6,4.5
66,29,4.0
66,35,5.0
66,50,5.0
66,52,4.0
66,57,5.0
66,66,4.0
66,68,4.0
66,72,4.5
66,74,4.0
66,88,2.0
66,89,2.0
66,92,5.0
66,98,3.0
66,109,2.0
66,119,5.0
67,2,5.0
67,25,4.0
67,35,4.0
67,38,3.0
67,52,4.5
67,53,3.5
67,54,2.5
67,56,4.5
67,66,4.0
67,68,4.5
67,70,4.0
67,92,3.5
67,93,3.5
67,94,5.0
67,100,1.5
67,112,2.5
67,114,2.5
67,117,5.0
68,1,4.5
68,9,4.5
68,16,4.0
68,21,4.5
68,33,3.5
68,36,4.5
68,39,4.5
68,54,4.5
68,55,3.0
68,56,1.5
68,69,3.5
68,70,2.5
68,78,4.5
68,80,5.0
68,86,5.0
68,99,4.0
68,111,5.0
68,112,1.5
69,4,5.0
69,7,4.5
69,10,4.5
69,19,5.0
69,22,2.5
69,26,2.5
69,40,1.5
69,63,4.5
69,75,5.0
69,81,4.0
69,82,4.5
69,83,5.0
69,85,3.0
69,97,5.0
69,98,3.5
69,100,4.5
69,105,3.5
69,119,1.5
70,9,4.5
70,18,4.5
70,19,3.0
70,20,3.0
70,24,4.0
70,30,2.5
70,36,3.5
70,38,5.0
70,42,5.0
70,45,4.5
70,46,3.5
70,50,2.5
70,62,3.5
70,64,4.0
70,78,5.0
70,84,4.5
70,86,4.0
70,102,5.0
71,10,1.5
71,12,4.5
71,29,4.5
71,35,5.0
71,37,1.0
71,47,3.0
71,48,4.5
71,50,4.0
71,53,4.0
71,64,1.0
71,68,3.5
71,70,4.5
71,72,4.0
71,81,1.5
71,92,4.0
71,102,3.0
71,108,4.0
71,119,4.0
72,3,4.0
72,10,3.5
72,12,1.5
72,13,4.5
72,14,2.5
72,19,4.0
72,20,4.5
72,22,2.0
72,27,1.5
72,31,2.0
72,34,5.0
72,77,4.0
72,81,5.0
72,83,5.0
72,104,5.0
72,109,4.0
72,114,5.0
73,8,4.5
73,11,4.0
73,14,3.5
73,17,4.0
73,28,5.0
73,44,4.0
73,55,4.0
73,58,5.0
73,59,5.0
73,71,5.0
73,85,4.0
73,89,4.5
73,106,5.0
73,110,2.0
73,112,4.0
73,113,5.0
73,116,3.0
74,1,1.0
74,5,4.0
74,11,4.0
74,14,5.0
74,23,2.0
74,26,4.0
74,30,1.5
74,37,3.5
74,40,2.0
74,44,4.5
74,55,5.0
74,59,4.0
74,65,5.0
74,71,4.5
74,89,4.5
74,101,3.0
74,106,3.5
75,5,3.0
75,10,3.0
75,12,4.5
75,25,4.5
75,36,1.5
75,41,4.0
75,48,3.0
75,50,5.0
75,52,3.5
75,53,5.0
75,70,4.0
75,74,4.0
75,86,2.0
75,92,4.5
75,93,5.0
75,97,3.5
75,118,4.5
75,119,5.0
76,3,3.5
76,6,4.0
76,11,1.0
76,15,5.0
76,20,5.0
76,30,5.0
76,32,4.5
76,43,4.5
76,47,4.0
76,49,5.0
76,79,1.5
76,83,4.0
76,90,5.0
76,97,3.5
76,98,4.0
76,109,4.5
76,113,1.5
76,116,5.0
77,9,5.0
77,16,5.0
77,23,4.5
77,26,2.0
77,31,4.5
77,37,2.0
77,40,5.0
77,43,3.0
77,46,4.0
77,52,2.0
77,54,5.0
77,68,2.5
77,73,4.5
77,76,5.0
77,80,4.0
77,86,4.0
77,110,4.0
78,4,4.5
78,10,4.5
78,15,5.0
78,19,5.0
78,20,3.5
78,30,5.0
78,34,4.5
78,35,3.0
78,49,4.5
78,77,3.5
78,81,3.5
78,82,5.0
78,83,4.5
78,90,3.5
78,98,4.5
78,100,4.0
78,104,3.5
78,114,3.0
79,1,1.0
79,2,4.5
79,25,5.0
79,31,2.5
79,34,1.5
79,48,5.0
79,50,4.0
79,56,3.5
79,57,4.0
79,62,2.0
79,68,5.0
79,70,5.0
79,72,4.5
79,74,5.0
79,96,4.5
79,117,5.0
79,119,3.5
80,7,4.5
80,10,4.5
80,20,4.5
80,34,5.0
80,40,2.0
80,43,4.5
80,66,2.0
80,75,4.0
80,77,4.5
80,82,4.5
80,87,1.5
80,96,3.0
80,98,4.5
80,100,3.5
80,105,5.0
80,109,4.0
80,116,4.5
81,0,5.0
81,14,5.0
81,17,4.5
81,26,4.5
81,28,4.5
81,32,3.0
81,44,5.0
81,55,4.0
81,66,2.0
81,70,2.5
81,71,4.0
81,88,4.0
81,95,4.0
81,100,2.0
81,101,4.5
81,102,3.0
81,112,4.5
81,117,3.5
82,7,2.0
82,27,5.0
82,31,4.5
82,37,1.5
82,38,5.0
82,39,5.0
82,42,5.0
82,45,5.0
82,46,5.0
82,57,2.0
82,61,3.5
82,64,3.5
82,73,5.0
82,79,5.0
82,102,4.5
82,103,4.0
82,108,2.0
83,1,4.5
83,9,5.0
83,18,4.0
83,22,4.5
83,23,5.0
83,24,4.5
83,31,3.5
83,36,4.0
83,38,4.5
83,45,4.5
83,64,4.5
83,74,3.0
83,75,3.0
83,76,4.5
83,91,4.5
83,102,4.0
84,2,4.0
84,6,4.5
84,24,3.0
84,25,4.0
84,26,3.5
84,41,4.0
84,48,4.5
84,56,4.5
84,66,4.0
84,72,4.5
84,74,4.5
84,83,3.0
84,92,5.0
84,93,4.5
84,94,4.5
84,96,3.5
85,4,3.5
85,19,5.0
85,20,4.5
85,33,2.5
85,37,3.5
85,43,5.0
85,49,4.0
85,51,3.0
85,56,2.5
85,63,4.5
85,75,4.5
85,77,4.5
85,83,5.0
85,84,2.5
85,97,4.5
85,98,5.0
85,100,5.0
85,105,4.5
86,0,1.5
86,1,4.0
86,23,4.5
86,27,5.0
86,28,3.0
86,31,4.5
86,33,3.5
86,35,2.0
86,40,4.0
86,44,2.0
86,54,3.5
86,63,2.5
86,64,5.0
86,73,4.5
86,76,4.5
86,91,4.0
86,102,3.5
86,103,4.0
87,16,4.0
87,22,4.0
87,31,5.0
87,32,3.0
87,33,4.5
87,39,3.5
87,40,4.0
87,50,2.5
87,54,4.5
87,56,3.0
87,69,3.5
87,78,5.0
87,79,4.0
87,83,3.0
87,84,4.5
87,90,3.0
87,111,4.0
88,7,4.5
88,11,2.5
88,13,4.0
88,16,2.0
88,19,5.0
88,21,1.5
88,26,1.5
88,32,4.5
88,34,4.0
88,43,4.0
88,79,2.5
88,81,5.0
88,82,3.5
88,83,4.5
88,90,4.5
88,100,4.5
88,107,4.5
88,115,2.0
89,5,2.5
89,7,3.5
89,10,5.0
89,20,4.5
89,32,4.5
89,63,5.0
89,66,2.0
89,75,4.0
89,77,5.0
89,81,4.0
89,97,4.5
89,98,5.0
89,99,1.5
89,104,4.5
89,105,4.5
89,109,5.0
90,2,4.0
90,12,4.5
90,41,4.0
90,45,3.0
90,51,5.0
90,52,4.0
90,55,2.5
90,57,4.5
90,63,3.0
90,80,2.5
90,82,2.0
90,92,4.5
90,93,4.5
90,94,4.0
90,108,5.0
90,116,2.0
90,117,4.5
90,119,4.5
91,3,4.5
91,4,3.5
91,10,4.5
91,13,4.0
91,19,3.5
91,30,4.0
91,32,5.0
91,41,2.0
91,49,5.0
91,70,2.0
91,97,4.5
91,98,4.0
91,105,4.5
91,107,5.0
91,109,4.5
91,116,4.5
91,118,2.0
92,0,5.0
92,3,2.0
92,5,3.0
92,9,3.0
92,26,4.5
92,44,5.0
92,48,2.0
92,58,4.0
92,59,4.0
92,60,5.0
92,65,5.0
92,67,3.0
92,81,1.5
92,88,5.0
92,101,4.0
92,105,1.5
92,106,4.5
92,113,4.5
93,2,4.0
93,25,4.5
93,31,3.5
93,35,5.0
93,44,2.0
93,47,2.0
93,48,5.0
93,50,4.5
93,51,4.5
93,53,3.5
93,66,3.5
93,70,4.5
93,72,5.0
93,85,2.5
93,93,3.5
93,97,3.0
93,118,4.0
94,12,4.5
94,25,4.5
94,29,4.0
94,32,2.5
94,35,5.0
94,41,4.0
94,42,2.0
94,48,3.0
94,51,4.5
94,52,4.0
94,66,3.0
94,70,4.5
94,77,2.5
94,98,2.0
94,112,2.0
94,113,1.5
94,118,5.0
94,119,3.5
95,7,5.0
95,20,4.0
95,30,3.5
95,32,4.5
95,38,2.5
95,49,4.0
95,53,2.5
95,68,2.5
95,71,2.5
95,72,1.5
95,83,3.0
95,90,4.0
95,97,4.5
95,100,4.0
95,104,4.0
95,105,4.0
95,114,5.0
95,116,4.5
96,4,5.0
96,10,5.0
96,13,4.5
96,16,2.0
96,21,2.5
96,31,2.5
96,32,4.5
96,34,4.5
96,37,2.5
96,70,1.5
96,75,4.0
96,82,4.0
96,100,5.0
96,104,3.0
96,105,4.5
96,114,5.0
96,116,4.0
96,118,1.5
97,3,4.0
97,13,3.5
97,19,4.0
97,22,2.0
97,30,4.5
97,34,3.5
97,39,2.0
97,47,4.5
97,63,3.5
97,74,2.0
97,75,4.0
97,82,5.0
97,87,1.0
97,105,4.0
97,109,3.5
97,111,2.0
97,116,5.0
97,117,2.0
98,3,4.0
98,4,5.0
98,7,5.0
98,8,2.5
98,13,4.5
98,15,5.0
98,34,3.0
98,43,5.0
98,47,4.0
98,51,2.5
98,75,4.0
98,77,3.5
98,81,4.0
98,83,5.0
98,105,5.0
98,107,4.0
98,116,4.0
99,16,5.0
99,18,4.5
99,22,4.0
99,27,4.0
99,31,4.0
99,40,4.0
99,47,1.0
99,50,2.5
99,54,4.5
99,55,3.5
99,64,5.0
99,76,4.0
99,84,4.5
99,102,3.5
99,103,4.0
99,110,3.5
99,117,3.0
100,3,5.0
100,10,5.0
100,19,5.0
100,28,1.5
100,30,4.0
100,47,5.0
100,49,5.0
100,59,3.0
100,81,5.0
100,82,4.5
100,97,4.5
100,98,5.0
100,100,4.5
100,105,4.5
100,109,4.0
100,114,5.0
100,116,4.0
101,8,4.0
101,10,1.5
101,11,4.5
101,14,4.0
101,17,5.0
101,21,1.5
101,26,5.0
101,28,5.0
101,44,3.0
101,55,3.5
101,56,2.5
101,58,4.0
101,60,4.5
101,67,5.0
101,72,2.0
101,87,1.5
101,95,3.0
101,101,4.5
102,4,4.5
102,5,1.0
102,10,4.0
102,15,4.5
102,19,5.0
102,30,4.0
102,43,4.0
102,63,4.0
102,75,5.0
102,76,2.0
102,81,4.0
102,83,4.0
102,98,4.5
102,107,4.0
102,108,1.0
102,114,5.0
102,115,2.0
103,1,2.5
103,3,3.5
103,4,5.0
103,13,4.0
103,19,4.0
103,30,5.0
103,32,5.0
103,34,4.0
103,38,1.0
103,63,4.5
103,68,2.5
103,75,4.5
103,77,3.5
103,81,4.0
103,90,3.5
103,99,2.5
103,104,5.0
104,2,4.5
104,6,4.0
104,25,4.5
104,29,5.0
104,50,4.0
104,56,5.0
104,65,1.5
104,66,3.5
104,73,1.5
104,74,3.5
104,92,3.5
104,93,5.0
104,94,4.5
104,96,4.5
104,100,3.0
104,105,3.0
104,119,4.0
105,6,4.0
105,9,2.0
105,35,5.0
105,48,4.5
105,51,4.0
105,52,4.5
105,56,5.0
105,69,2.0
105,70,5.0
105,72,4.0
105,93,4.0
105,107,2.0
105,110,2.0
105,116,3.5
105,117,3.5
105,118,5.0
105,119,4.0
106,4,4.0
106,7,5.0
106,13,4.0
106,18,1.0
106,19,4.5
106,20,3.5
106,30,4.0
106,32,5.0
106,49,4.0
106,66,2.5
106,80,2.0
106,82,5.0
106,94,3.0
106,100,4.0
106,109,4.5
106,116,4.0
107,5,5.0
107,14,4.0
107,17,4.5
107,26,5.0
107,28,4.5
107,44,4.5
107,48,2.0
107,60,4.5
107,67,4.5
107,71,5.0
107,89,5.0
107,95,4.5
107,106,3.0
107,113,5.0
107,115,5.0
108,3,4.0
108,13,4.5
108,15,4.0
108,20,5.0
108,25,2.5
108,32,4.5
108,34,5.0
108,38,2.5
108,43,4.0
108,49,4.0
108,57,3.5
108,63,3.5
108,75,4.0
108,77,5.0
108,97,4.5
108,98,4.0
108,100,3.5
108,105,4.5
109,8,4.0
109,11,4.5
109,12,2.5
109,14,4.5
109,16,2.5
109,26,4.0
109,28,4.5
109,44,3.5
109,50,2.0
109,55,4.0
109,58,4.0
109,65,4.5
109,84,2.5
109,85,3.5
109,89,3.5
109,101,4.0
109,113,4.5
110,5,1.5
110,12,4.5
110,25,4.5
110,34,2.0
110,41,4.0
110,48,5.0
110,49,1.5
110,50,4.5
110,57,4.5
110,64,1.5
110,68,4.5
110,72,5.0
110,74,5.0
110,89,2.5
110,92,5.0
110,93,4.5
110,94,5.0
110,118,4.5
111,2,3.0
111,5,2.5
111,17,2.0
111,29,3.5
111,32,2.0
111,35,4.5
111,38,3.0
111,41,3.5
111,48,5.0
111,52,5.0
111,57,5.0
111,66,4.5
111,68,4.5
111,94,3.5
111,108,4.5
111,119,4.5
112,0,4.0
112,8,4.5
112,11,5.0
112,14,4.5
112,22,3.0
112,26,5.0
112,37,4.0
112,39,2.5
112,46,1.5
112,58,4.5
112,71,4.0
112,81,3.0
112,89,4.5
112,95,5.0
112,96,2.0
112,101,3.5
112,106,5.0
112,112,4.5
113,1,4.0
113,12,2.5
113,16,4.0
113,23,5.0
113,33,5.0
113,48,2.0
113,50,2.0
113,62,3.5
113,69,4.5
113,78,5.0
113,91,4.0
113,98,3.0
113,99,3.0
113,102,3.5
113,103,3.5
113,110,4.0
113,111,4.5
113,116,2.0
114,0,5.0
114,5,5.0
114,8,4.0
114,11,3.5
114,16,2.5
114,17,5.0
114,27,2.5
114,28,4.5
114,34,3.5
114,44,4.0
114,57,2.5
114,59,4.0
114,65,4.5
114,71,4.5
114,95,5.0
114,101,4.0
114,106,4.0
114,115,3.5
115,8,4.0
115,11,5.0
115,37,4.5
115,42,2.0
115,44,4.5
115,52,2.5
115,59,4.0
115,60,4.5
115,62,2.5
115,71,3.0
115,75,2.0
115,79,3.0
115,85,4.0
115,95,4.5
115,101,4.0
115,102,2.0
115,112,5.0
115,115,4.0
116,4,3.5
116,7,3.5
116,10,4.0
116,15,4.5
116,19,4.0
116,23,2.5
116,36,2.0
116,47,3.5
116,49,4.0
116,63,4.5
116,77,4.0
116,83,4.5
116,90,5.0
116,99,2.0
116,101,2.0
116,104,5.0
116,107,4.0
116,118,1.5
117,8,2.5
117,9,4.0
117,10,2.0
117,16,4.0
117,23,3.5
117,24,5.0
117,27,4.0
117,33,4.5
117,39,3.5
117,51,2.0
117,78,3.5
117,79,4.0
117,84,4.0
117,86,4.5
117,91,4.5
117,93,2.0
117,95,2.5
117,110,4.5
118,0,5.0
118,7,2.0
118,8,4.0
118,15,2.5
118,17,4.0
118,20,2.0
118,22,3.0
118,41,3.0
118,55,4.5
118,58,4.5
118,60,4.0
118,65,4.5
118,75,2.0
118,85,4.5
118,88,4.0
118,89,4.5
118,112,4.5
118,115,4.5
119,3,5.0
119,7,4.5
119,15,4.5
119,16,2.0
119,20,4.5
119,30,5.0
119,32,4.5
119,37,3.0
119,40,3.0
119,43,4.5
119,49,4.5
119,63,4.5
119,90,4.5
119,103,1.5
119,106,2.5
119,109,4.5
119,114,4.0
119,116,5.0
120,0,5.0
120,5,5.0
120,8,4.5
120,14,5.0
120,22,2.5
120,24,1.5
120,28,4.5
120,38,1.5
120,44,4.5
120,59,4.0
120,64,3.0
120,65,4.5
120,68,1.5
120,70,2.0
120,106,3.5
120,112,4.5
120,113,4.5
120,115,4.5
121,1,1.0
121,9,1.5
121,10,4.5
121,19,5.0
121,20,5.0
121,30,5.0
121,32,3.5
121,34,4.5
121,49,4.5
121,63,4.5
121,75,4.5
121,77,4.0
121,97,5.0
121,107,5.0
122,0,4.0
122,1,3.5
122,11,4.0
122,12,2.0
122,14,4.5
122,26,3.5
122,28,3.0
122,44,5.0
122,52,1.5
122,58,4.0
122,65,4.0
122,82,1.5
122,86,1.5
122,89,4.5
122,92,3.5
122,106,5.0
122,113,5.0
122,115,3.5
123,7,4.5
123,19,5.0
123,32,3.5
123,34,4.5
123,39,1.5
123,47,3.5
123,65,2.0
123,81,4.0
123,83,4.5
123,92,3.0
123,98,3.0
123,99,2.0
123,100,5.0
123,104,5.0
123,106,3.0
123,107,4.5
123,109,3.5
124,7,5.0
124,10,4.5
124,16,2.5
124,20,3.5
124,30,5.0
124,32,4.0
124,45,2.0
124,49,3.0
124,65,2.5
124,70,3.0
124,77,4.0
124,84,2.0
124,90,4.5
124,98,5.0
124,100,4.5
124,104,5.0
124,107,4.0
124,109,4.0
125,4,3.0
125,7,4.5
125,10,4.5
125,19,4.5
125,20,4.0
125,40,2.0
125,69,2.5
125,77,5.0
125,81,4.0
125,82,3.5
125,83,5.0
125,90,4.5
125,95,2.5
125,104,4.5
125,105,5.0
125,107,4.5
126,9,4.5
126,18,4.0
126,19,1.0
126,21,4.0
126,22,4.0
126,23,4.0
126,39,5.0
126,51,1.0
126,62,3.5
126,79,3.5
126,81,3.0
126,84,4.0
126,86,4.0
126,87,3.5
126,90,2.5
126,103,4.0
126,110,4.5
126,111,3.0
127,6,5.0
127,12,4.0
127,15,1.0
127,29,5.0
127,30,2.5
127,35,3.5
127,41,5.0
127,66,4.0
127,72,3.5
127,74,4.5
127,87,2.0
127,92,3.5
127,93,4.0
127,96,4.0
127,108,4.5
127,113,2.0
128,3,4.5
128,10,5.0
128,13,5.0
128,15,5.0
128,20,4.5
128,43,4.0
128,51,3.0
128,77,3.5
128,83,4.0
128,86,2.5
128,98,3.5
128,100,5.0
128,104,5.0
128,109,4.0
128,114,4.0
128,116,3.5
129,0,4.5
129,8,5.0
129,11,4.0
129,19,2.5
129,44,4.0
129,50,3.5
129,55,4.5
129,62,2.0
129,67,4.0
129,75,3.0
129,80,2.5
129,86,1.5
129,88,4.5
129,89,3.5
129,95,4.0
129,101,3.5
129,106,3.5
129,115,4.0
130,11,3.5
130,17,3.5
130,26,5.0
130,32,2.5
130,52,1.5
130,59,3.5
130,65,4.0
130,66,2.5
130,67,3.5
130,85,4.5
130,88,3.0
130,89,3.5
130,100,2.5
130,101,5.0
130,106,3.5
130,112,4.0
131,2,4.5
131,26,2.5
131,35,5.0
131,41,4.0
131,43,2.0
131,49,2.0
131,52,5.0
131,57,5.0
131,58,1.5
131,65,2.0
131,66,4.0
131,68,4.5
131,69,2.5
131,72,5.0
131,92,3.5
131,93,5.0
131,108,4.5
131,118,4.0
132,12,3.0
132,25,4.5
132,29,5.0
132,35,3.5
132,37,2.0
132,45,3.5
132,48,5.0
132,51,4.0
132,53,5.0
132,56,5.0
132,70,5.0
132,72,4.5
132,74,4.5
132,83,1.5
132,92,4.0
132,96,5.0
132,102,2.5
132,108,5.0
133,0,4.5
133,8,4.0
133,44,5.0
133,59,4.5
133,60,4.0
133,62,3.5
133,65,4.5
133,67,4.5
133,78,1.5
133,85,4.0
133,88,5.0
133,95,4.5
133,103,2.0
133,106,4.0
133,109,2.5
133,112,3.5
133,115,4.0
133,118,2.0
134,22,4.5
134,24,5.0
134,25,2.0
134,27,5.0
134,29,3.0
134,31,4.0
134,36,5.0
134,42,5.0
134,43,2.5
134,47,1.5
134,54,5.0
134,62,4.5
134,69,4.0
134,80,4.5
134,87,4.0
134,102,5.0
134,110,5.0
135,2,4.5
135,3,2.5
135,6,5.0
135,12,2.5
135,25,4.0
135,29,4.0
135,40,2.0
135,43,2.5
135,49,3.0
135,51,5.0
135,52,4.5
135,56,4.5
135,62,3.5
135,65,2.0
135,68,4.5
135,74,5.0
135,96,4.5
135,118,3.0
136,6,2.0
136,28,4.5
136,37,4.5
136,38,2.0
136,44,4.5
136,58,4.5
136,60,4.0
136,66,3.0
136,67,4.0
136,75,3.0
136,85,3.0
136,88,4.0
136,89,5.0
136,95,4.5
136,96,2.0
136,104,2.5
136,112,4.0
136,113,4.5
137,12,3.5
137,15,2.0
137,18,3.0
137,20,2.5
137,22,4.0
137,27,4.5
137,31,5.0
137,33,4.0
137,36,5.0
137,42,4.5
137,76,4.0
137,77,2.5
137,87,4.0
137,91,5.0
137,100,3.0
137,102,4.5
137,108,2.5
137,110,4.5
138,5,2.5
138,11,3.0
138,16,4.0
138,20,3.0
138,21,5.0
138,24,4.5
138,31,4.0
138,38,4.0
138,45,4.5
138,62,4.5
138,69,4.5
138,73,4.5
138,79,4.0
138,90,2.0
138,91,4.5
138,96,1.0
138,99,4.0
138,110,4.0
139,2,5.0
139,5,3.0
139,6,4.0
139,17,3.0
139,25,5.0
139,29,5.0
139,48,4.0
139,51,5.0
139,52,4.5
139,53,4.0
139,56,5.0
139,74,5.0
139,90,2.0
139,95,2.5
139,96,5.0
139,116,3.0
139,118,5.0
139,119,5.0
140,0,1.5
140,6,4.0
140,12,4.0
140,35,4.5
140,42,2.5
140,49,2.5
140,53,5.0
140,68,5.0
140,70,4.0
140,72,4.0
140,80,3.0
140,83,2.0
140,92,5.0
140,96,5.0
140,108,4.0
140,117,4.5
140,119,4.5
141,3,3.5
141,4,4.5
141,7,4.5
141,13,4.5
141,20,5.0
141,32,4.5
141,39,3.0
141,43,5.0
141,63,3.5
141,73,2.5
141,75,4.5
141,77,3.5
141,83,5.0
141,85,2.5
141,89,2.5
141,94,1.5
141,97,4.5
141,116,4.5
142,12,4.0
142,22,2.5
142,29,5.0
142,35,3.5
142,51,3.5
142,53,3.5
142,56,3.5
142,67,2.0
142,68,4.0
142,87,1.5
142,92,4.5
142,93,4.5
142,96,3.5
142,103,2.0
142,108,4.5
142,114,2.0
142,117,4.0
142,119,5.0
143,0,3.0
143,14,5.0
143,20,3.0
143,26,5.0
143,37,4.5
143,44,5.0
143,45,3.0
143,60,5.0
143,65,5.0
143,71,4.0
143,73,2.5
143,80,2.0
143,95,3.5
143,98,1.5
143,101,4.5
143,103,3.0
143,106,3.5
143,115,5.0
144,0,4.5
144,14,4.5
144,17,5.0
144,44,5.0
144,55,4.5
144,58,4.0
144,59,4.0
144,60,4.5
144,61,3.0
144,71,4.5
144,78,2.0
144,88,4.0
144,101,5.0
144,103,2.5
144,110,2.0
144,113,4.5
144,115,5.0
145,2,1.5
145,10,2.5
145,16,5.0
145,27,3.5
145,33,4.5
145,43,2.0
145,45,3.5
145,51,2.5
145,54,4.5
145,61,4.0
145,62,4.0
145,64,5.0
145,73,4.0
145,76,3.5
145,86,4.0
145,98,2.0
145,102,4.0
145,107,2.0
146,7,2.5
146,12,4.0
146,29,4.5
146,35,5.0
146,41,5.0
146,48,4.5
146,50,4.5
146,51,5.0
146,52,3.5
146,53,4.5
146,56,5.0
146,66,4.5
146,67,2.5
146,70,4.5
146,92,5.0
146,93,5.0
146,111,2.0
147,4,4.5
147,7,4.0
147,10,4.5
147,31,2.0
147,44,3.0
147,46,3.0
147,80,1.5
147,81,4.0
147,83,4.0
147,84,1.5
147,97,3.5
147,98,4.5
147,100,4.5
147,104,3.5
147,105,4.0
147,109,4.5
147,114,3.5
148,13,5.0
148,20,4.5
148,29,2.0
148,32,4.5
148,44,3.0
148,49,4.5
148,56,2.5
148,66,2.0
148,75,4.0
148,81,4.0
148,82,4.5
148,97,4.0
148,103,2.0
148,104,5.0
148,107,4.5
148,109,5.0
148,114,3.5
148,116,4.5
149,4,2.0
149,12,4.0
149,22,1.0
149,23,2.5
149,35,5.0
149,48,4.0
149,52,5.0
149,56,4.5
149,59,3.0
149,63,2.5
149,68,4.0
149,89,2.0
149,92,3.5
149,94,3.5
149,96,4.5
149,108,5.0
149,117,5.0
149,119,4.5
150,2,1.5
150,9,4.0
150,16,5.0
150,17,1.5
150,18,4.0
150,21,3.5
150,24,5.0
150,36,5.0
150,38,4.5
150,42,4.5
150,43,2.0
150,46,4.0
150,64,5.0
150,73,4.0
150,89,3.0
150,103,4.0
150,108,1.5
150,118,3.0
151,21,4.0
151,24,5.0
151,27,4.0
151,33,4.5
151,34,2.5
151,36,3.5
151,41,1.5
151,42,4.0
151,46,4.0
151,53,2.5
151,62,3.0
151,73,5.0
151,76,5.0
151,86,4.5
151,87,3.5
151,91,4.5
151,97,2.0
151,110,4.5
152,0,4.5
152,9,1.5
152,14,5.0
152,17,5.0
152,23,3.0
152,26,5.0
152,28,4.0
152,37,5.0
152,44,5.0
152,62,2.0
152,65,4.5
152,67,2.5
152,71,4.0
152,78,3.5
152,95,3.5
152,101,4.0
152,107,2.5
153,3,1.5
153,18,4.5
153,21,4.0
153,24,4.0
153,25,2.0
153,29,2.5
153,33,4.5
153,36,3.5
153,39,4.5
153,45,4.5
153,61,4.0
153,62,5.0
153,69,5.0
153,78,4.0
153,86,4.5
153,99,5.0
153,107,3.0
153,110,4.5
154,3,5.0
154,4,4.5
154,7,4.5
154,13,3.5
154,20,4.5
154,32,5.0
154,43,3.5
154,49,4.5
154,53,2.5
154,59,2.5
154,77,3.5
154,83,4.5
154,90,3.5
154,100,5.0
154,109,4.5
154,110,1.5
154,114,5.0
155,9,3.5
155,16,4.0
155,31,4.0
155,33,4.5
155,34,2.5
155,38,5.0
155,40,4.0
155,45,4.0
155,60,2.0
155,61,5.0
155,76,5.0
155,77,2.0
155,78,3.0
155,87,5.0
155,99,5.0
155,100,2.5
155,103,4.5
155,115,2.0
156,9,4.0
156,18,5.0
156,31,4.0
156,44,1.5
156,45,4.5
156,54,4.0
156,62,5.0
156,69,4.0
156,72,2.0
156,76,5.0
156,79,5.0
156,80,5.0
156,99,5.0
156,102,4.5
156,103,5.0
156,104,2.5
156,117,2.5
157,3,4.0
157,7,3.5
157,30,4.0
157,32,4.5
157,47,3.0
157,52,2.0
157,72,2.0
157,78,2.5
157,82,4.0
157,83,4.5
157,100,4.0
157,104,4.0
157,105,3.5
157,107,4.5
157,109,5.0
157,116,4.5
158,0,3.5
158,5,4.0
158,28,4.0
158,37,4.5
158,44,5.0
158,50,1.0
158,55,4.5
158,78,1.0
158,85,4.0
158,87,2.0
158,92,1.0
158,95,3.5
158,101,4.5
158,106,4.5
158,110,2.0
158,112,4.0
158,113,5.0
159,1,2.5
159,2,4.5
159,15,1.5
159,25,5.0
159,27,3.0
159,29,5.0
159,48,5.0
159,51,4.5
159,52,5.0
159,56,5.0
159,57,4.0
159,64,3.0
159,66,5.0
159,74,5.0
159,93,5.0
159,101,2.5
159,117,4.0
159,119,5.0
160,10,5.0
160,19,5.0
160,32,4.0
160,34,5.0
160,36,2.5
160,60,2.0
160,63,4.0
160,74,2.0
160,75,4.0
160,77,3.5
160,91,2.5
160,97,4.5
160,102,2.5
160,104,4.5
160,105,5.0
160,107,4.0
160,114,4.5
160,116,3.5
161,2,5.0
161,5,2.0
161,12,4.5
161,23,2.0
161,29,4.5
161,35,4.5
161,43,2.0
161,50,3.5
161,52,3.5
161,53,4.0
161,57,4.5
161,66,5.0
161,70,5.0
161,108,5.0
161,111,2.5
161,117,4.5
161,119,3.5
162,16,4.5
162,18,4.5
162,24,4.5
162,38,3.5
162,39,4.5
162,42,3.5
162,45,5.0
162,46,4.0
162,63,2.0
162,74,2.0
162,78,4.0
162,80,4.0
162,82,1.0
162,84,5.0
162,86,4.5
162,102,4.5
162,103,5.0
163,9,4.5
163,16,4.0
163,20,1.0
163,21,4.0
163,31,3.5
163,39,4.0
163,40,4.0
163,59,2.0
163,62,4.5
163,64,4.5
163,76,5.0
163,79,4.5
163,81,1.5
163,91,4.0
163,92,2.0
163,100,2.0
163,103,4.0
163,110,4.0
164,2,3.5
164,4,2.0
164,12,5.0
164,19,3.0
164,35,5.0
164,41,4.0
164,44,3.5
164,48,3.5
164,51,4.5
164,53,3.5
164,57,5.0
164,68,4.5
164,82,3.0
164,94,4.5
164,106,2.0
164,108,4.5
164,119,3.5
165,1,2.5
165,4,4.5
165,10,4.5
165,20,4.5
165,30,3.5
165,49,5.0
165,63,3.5
165,66,2.5
165,75,4.5
165,76,3.0
165,77,4.5
165,83,4.0
165,90,5.0
165,98,4.5
165,103,2.5
165,107,4.5
165,115,3.0
165,116,5.0
166,2,5.0
166,12,4.0
166,21,1.5
166,35,4.5
166,41,3.5
166,53,3.0
166,57,4.0
166,66,4.0
166,68,4.5
166,71,2.0
166,72,4.5
166,76,2.0
166,92,4.0
166,93,4.0
166,108,5.0
166,118,5.0
166,119,5.0
167,2,4.0
167,6,5.0
167,11,1.5
167,28,3.5
167,29,5.0
167,36,1.5
167,41,4.5
167,51,5.0
167,53,4.5
167,56,3.5
167,60,2.5
167,91,3.5
167,93,3.5
167,96,5.0
167,108,4.5
167,109,2.0
167,117,4.0
167,119,4.0
168,8,4.5
168,11,4.0
168,12,2.5
168,14,3.5
168,17,3.5
168,21,2.5
168,28,3.5
168,37,5.0
168,55,4.5
168,65,4.5
168,95,4.5
168,99,2.5
168,101,4.5
168,106,4.0
168,107,2.0
168,110,3.0
168,112,5.0
168,113,5.0
169,9,4.0
169,18,4.5
169,27,4.5
169,46,5.0
169,54,5.0
169,62,4.5
169,67,2.5
169,70,2.5
169,73,4.5
169,78,5.0
169,80,3.0
169,84,4.5
169,101,2.5
169,102,5.0
169,103,4.0
169,110,4.5
169,111,5.0
170,5,3.5
170,18,3.5
170,22,5.0
170,36,5.0
170,38,3.5
170,40,3.5
170,41,1.5
170,45,5.0
170,52,2.0
170,62,4.5
170,69,5.0
170,74,2.5
170,80,4.5
170,84,4.5
170,86,5.0
170,91,4.0
170,102,5.0
170,103,4.0
171,4,4.5
171,10,5.0
171,15,4.5
171,29,2.5
171,32,4.5
171,49,4.5
171,54,2.5
171,55,2.5
171,63,5.0
171,75,4.0
171,77,3.5
171,83,4.0
171,97,4.5
171,98,3.0
171,105,4.0
171,109,4.5
171,116,4.0
172,0,3.0
172,4,4.0
172,7,5.0
172,10,4.5
172,15,4.5
172,19,4.5
172,20,4.5
172,30,4.5
172,34,4.0
172,51,2.0
172,58,2.5
172,81,4.5
172,98,3.5
172,100,4.0
172,107,4.0
172,114,4.5
172,116,4.5
173,3,5.0
173,10,5.0
173,13,4.5
173,18,2.5
173,19,4.5
173,30,4.5
173,47,4.0
173,49,4.0
173,71,3.5
173,75,3.5
173,82,4.5
173,90,4.5
173,97,4.5
173,98,4.0
173,102,2.0
173,107,4.0
173,116,4.0
174,6,4.5
174,12,3.5
174,14,1.0
174,18,1.5
174,39,2.0
174,46,1.5
174,48,3.5
174,50,4.5
174,53,4.0
174,56,3.5
174,57,5.0
174,70,4.5
174,75,2.0
174,92,5.0
174,94,4.0
174,116,3.0
174,117,3.5
174,119,3.5
175,0,3.5
175,3,2.0
175,5,3.5
175,21,2.5
175,28,3.5
175,37,5.0
175,38,3.0
175,58,5.0
175,60,4.0
175,65,4.0
175,71,5.0
175,74,2.5
175,88,4.5
175,93,1.5
175,95,5.0
175,106,4.0
175,112,4.5
175,113,3.5
176,1,4.0
176,21,4.5
176,24,4.0
176,27,4.5
176,33,5.0
176,35,2.5
176,39,3.0
176,40,5.0
176,46,4.5
176,50,1.5
176,54,5.0
176,67,1.0
176,84,5.0
176,91,4.0
176,94,3.0
176,102,4.5
176,107,1.5
176,114,2.0
177,5,3.5
177,13,2.0
177,26,4.5
177,28,5.0
177,34,3.5
177,44,4.5
177,59,5.0
177,67,5.0
177,85,4.0
177,88,4.0
177,102,3.0
177,104,2.0
177,106,4.5
177,112,4.0
177,113,4.5
177,115,4.0
177,119,2.5
178,2,5.0
178,9,2.0
178,12,4.0
178,25,4.5
178,29,4.0
178,35,3.0
178,41,5.0
178,51,4.0
178,52,4.0
178,54,1.5
178,56,4.5
178,57,4.0
178,64,2.5
178,66,4.0
178,72,5.0
178,118,4.0
178,119,4.0
179,2,5.0
179,6,4.5
179,16,1.5
179,25,4.5
179,32,2.5
179,35,4.0
179,41,3.5
179,50,4.5
179,53,4.5
179,56,5.0
179,57,4.5
179,66,4.0
179,67,2.0
179,68,4.0
179,70,4.0
179,95,2.0
179,115,2.0
179,119,5.0
180,4,4.5
180,7,5.0
180,10,4.5
180,15,4.0
180,30,4.0
180,34,5.0
180,49,5.0
180,62,2.0
180,67,2.5
180,68,3.0
180,75,4.0
180,77,4.0
180,90,3.5
180,97,5.0
180,98,4.5
180,104,4.0
180,105,3.5
180,108,2.0
181,6,5.0
181,12,5.0
181,25,4.0
181,35,5.0
181,41,5.0
181,52,4.5
181,53,4.5
181,56,5.0
181,62,3.0
181,66,4.0
181,74,4.5
181,79,2.0
181,96,4.5
181,100,3.0
181,105,2.5
181,108,4.0
181,119,4.0
182,1,4.5
182,6,1.5
182,7,1.5
182,9,4.5
182,21,4.5
182,22,5.0
182,27,4.0
182,31,4.0
182,33,4.0
182,45,5.0
182,61,3.5
182,76,5.0
182,83,3.0
182,84,4.5
182,86,5.0
182,91,3.0
182,102,4.0
183,20,2.0
183,21,3.5
183,23,4.0
183,36,5.0
183,38,4.0
183,46,5.0
183,56,2.0
183,65,1.0
183,76,4.5
183,78,4.5
183,80,4.0
183,86,4.0
183,87,4.5
183,89,2.0
183,98,2.5
183,99,4.5
183,103,3.0
183,107,2.0
184,7,4.0
184,19,4.0
184,20,4.0
184,24,2.0
184,32,3.0
184,49,4.0
184,75,3.5
184,77,5.0
184,82,5.0
184,83,5.0
184,84,2.5
184,93,2.0
184,100,5.0
184,114,4.5
184,116,5.0
184,117,1.5
185,0,4.5
185,5,4.5
185,8,4.5
185,14,4.5
185,15,2.5
185,30,1.5
185,37,5.0
185,52,3.0
185,54,2.5
185,56,1.5
185,67,5.0
185,71,4.0
185,81,1.0
185,85,4.5
185,101,5.0
185,106,4.5
185,113,5.0
185,115,5.0
186,9,4.5
186,15,2.5
186,16,5.0
186,24,4.0
186,29,2.5
186,38,5.0
186,42,4.5
186,46,5.0
186,54,4.0
186,62,5.0
186,64,4.5
186,71,1.5
186,73,4.5
186,76,4.0
186,77,2.0
186,79,4.5
186,80,5.0
187,2,1.5
187,4,4.5
187,19,4.0
187,20,4.5
187,30,4.5
187,34,4.0
187,38,2.5
187,43,5.0
187,47,4.0
187,60,2.5
187,63,4.5
187,64,2.0
187,75,5.0
187,77,3.0
187,96,2.0
187,99,1.0
187,100,4.0
187,114,4.5
188,13,2.0
188,14,4.5
188,17,4.5
188,32,2.5
188,58,4.5
188,60,4.5
188,65,3.5
188,67,4.0
188,68,2.5
188,88,3.5
188,89,4.5
188,103,2.0
188,106,4.0
188,111,2.5
188,112,4.0
188,113,4.0
188,115,4.0
189,0,4.0
189,11,4.5
189,26,4.0
189,28,4.5
189,29,2.5
189,37,5.0
189,43,2.0
189,44,4.5
189,52,2.5
189,55,4.5
189,58,4.0
189,59,5.0
189,71,4.0
189,105,2.5
189,106,4.5
189,109,3.0
189,113,3.0
190,0,5.0
190,5,5.0
190,11,3.5
190,14,5.0
190,17,5.0
190,19,2.0
190,26,4.5
190,37,4.5
190,57,2.0
190,58,4.0
190,60,4.0
190,65,4.0
190,71,3.5
190,75,2.0
190,92,1.5
190,101,4.5
190,106,4.5
190,112,4.0
191,14,3.5
191,16,3.5
191,24,4.5
191,31,4.0
191,33,4.0
191,40,4.5
191,45,4.5
191,46,3.5
191,51,1.5
191,54,5.0
191,61,4.5
191,62,4.5
191,79,4.0
191,83,2.0
191,86,4.5
191,107,2.0
191,115,1.5
192,12,4.5
192,25,5.0
192,29,3.5
192,45,3.0
192,50,4.0
192,51,5.0
192,52,5.0
192,55,1.5
192,56,4.5
192,66,4.0
192,68,4.0
192,69,2.0
192,70,4.0
192,77,1.5
192,96,5.0
192,102,2.5
192,107,2.0
192,108,3.5
193,2,4.5
193,6,4.5
193,12,5.0
193,25,4.5
193,29,4.0
193,35,4.5
193,42,3.0
193,57,4.0
193,66,4.5
193,70,4.0
193,71,2.5
193,72,4.5
193,74,4.0
193,81,2.0
193,92,5.0
193,111,3.0
193,118,5.0
194,4,4.0
194,7,4.5
194,9,1.5
194,13,4.0
194,18,2.0
194,32,4.0
194,33,2.0
194,43,4.5
194,74,3.0
194,83,4.5
194,89,2.0
194,90,4.0
194,98,5.0
194,100,5.0
194,104,4.5
194,107,5.0
194,109,4.0
194,116,4.5
195,0,4.0
195,10,1.5
195,14,4.5
195,23,2.5
195,28,5.0
195,44,3.5
195,60,3.5
195,63,2.0
195,65,4.5
195,67,4.5
195,89,5.0
195,95,3.5
195,106,4.0
195,109,2.0
195,112,5.0
195,113,4.5
195,114,2.0
196,1,4.5
196,19,3.0
196,21,4.5
196,24,4.5
196,31,4.5
196,35,2.0
196,39,4.5
196,40,4.0
196,45,5.0
196,52,3.0
196,54,5.0
196,62,4.0
196,73,3.5
196,79,4.0
196,80,4.5
196,92,2.5
196,99,4.5
196,102,4.0
197,11,1.0
197,17,2.5
197,30,2.5
197,35,4.0
197,41,4.5
197,51,5.0
197,53,5.0
197,56,4.0
197,57,4.5
197,66,5.0
197,68,4.5
197,72,5.0
197,87,1.0
197,93,5.0
197,94,4.5
197,114,1.0
197,118,5.0
198,16,3.5
198,18,4.5
198,23,4.0
198,25,1.5
198,29,2.0
198,38,5.0
198,61,4.0
198,62,4.0
198,64,5.0
198,78,4.5
198,80,4.5
198,86,5.0
198,101,1.5
198,102,4.5
198,111,4.0
198,114,3.0
198,117,2.5
199,23,1.0
199,29,4.5
199,35,3.5
199,48,3.0
199,50,4.0
199,51,4.0
199,56,5.0
199,63,2.0
199,66,5.0
199,68,5.0
199,74,5.0
199,79,3.0
199,93,4.5
199,105,2.0
199,108,5.0
199,112,3.0
199,117,4.5
199,119,4.0
